task_type,cpu_usage,mem_usage,io_usage,duration,priority,resource_allocated
image_processing,70,60,30,45,high,high
data_analysis,40,20,10,60,medium,medium
network_request,50,50,60,30,low,medium
machine_learning,80,70,50,90,high,high
System Idle Process,2094,0,0,0,unknown,medium
System,16,0,100,8126,low,medium
unknown,0,0,0,8127,low,medium
Registry,0,0,100,8128,low,medium
smss.exe,0,0,0,8126,low,medium
svchost.exe,0,0,0,8123,low,medium
csrss.exe,0,0,0,8124,low,medium
wininit.exe,0,0,0,8123,low,medium
csrss.exe,0,0,1,8124,low,medium
zen.exe,0,0,100,1663,low,medium
services.exe,0,0,0,8124,low,medium
LsaIso.exe,0,0,0,8124,low,medium
lsass.exe,0,0,2,8124,low,medium
Zalo.exe,0,0,100,8105,low,medium
winlogon.exe,0,0,0,8124,low,medium
svchost.exe,0,0,0,8124,low,medium
fontdrvhost.exe,0,0,0,8124,low,medium
fontdrvhost.exe,0,0,0,8124,low,medium
svchost.exe,0,0,0,8124,low,medium
svchost.exe,0,0,0,8124,low,medium
svchost.exe,0,0,0,8124,low,medium
svchost.exe,0,0,0,8124,low,medium
dwm.exe,0,0,32,8125,low,medium
svchost.exe,0,0,0,8125,low,medium
svchost.exe,0,0,2,8125,low,medium
svchost.exe,0,0,0,8125,low,medium
SecurityHealthService.exe,0,0,2,8109,low,medium
svchost.exe,0,0,0,8125,low,medium
svchost.exe,0,0,0,8125,low,medium
svchost.exe,0,0,0,8125,low,medium
conhost.exe,0,0,0,317,low,medium
svchost.exe,0,0,0,8125,low,medium
Code.exe,16,0,100,321,low,medium
svchost.exe,0,0,0,8126,low,medium
SearchProtocolHost.exe,0,0,0,4,low,medium
ShellHost.exe,0,0,0,2700,low,medium
NVDisplay.Container.exe,0,0,11,8126,low,medium
svchost.exe,0,0,0,8126,low,medium
conhost.exe,0,0,0,319,low,medium
svchost.exe,0,0,0,8126,low,medium
dasHost.exe,0,0,0,7659,low,medium
svchost.exe,0,0,100,8126,low,medium
svchost.exe,0,0,14,8127,low,medium
svchost.exe,0,0,0,8127,low,medium
svchost.exe,0,0,0,8127,low,medium
Code.exe,0,0,9,242,low,medium
MemCompression,0,0,0,8127,low,medium
svchost.exe,0,0,0,8127,low,medium
svchost.exe,0,0,0,8127,low,medium
svchost.exe,0,0,0,8127,low,medium
svchost.exe,0,0,0,8127,low,medium
svchost.exe,0,0,18,8127,low,medium
svchost.exe,0,0,0,8127,low,medium
svchost.exe,0,0,25,8128,low,medium
svchost.exe,0,0,0,8128,low,medium
svchost.exe,0,0,0,8128,low,medium
Spotify.exe,0,0,0,1801,low,medium
svchost.exe,0,0,0,8128,low,medium
spoolsv.exe,0,0,0,8128,low,medium
svchost.exe,0,0,0,8128,low,medium
svchost.exe,0,0,0,8128,low,medium
pwsh.exe,0,0,1,320,low,medium
svchost.exe,0,0,0,7660,low,medium
svchost.exe,0,0,0,8128,low,medium
NVDisplay.Container.exe,0,0,17,8129,low,medium
svchost.exe,0,0,0,8129,low,medium
svchost.exe,0,0,0,8129,low,medium
svchost.exe,0,0,0,8129,low,medium
svchost.exe,0,0,0,8129,low,medium
zen.exe,0,0,100,1669,low,medium
svchost.exe,0,0,100,8129,low,medium
svchost.exe,0,0,0,8129,low,medium
svchost.exe,0,0,100,8129,low,medium
svchost.exe,0,0,7,8129,low,medium
Everything.exe,0,0,40,8129,low,medium
FoxitPDFReaderUpdateService.exe,0,0,100,8130,low,medium
Mystic_Light_Service.exe,0,0,0,8130,low,medium
LightKeeperService.exe,0,0,0,8130,low,medium
jhi_service.exe,0,0,0,8130,low,medium
nvcontainer.exe,0,0,11,8130,low,medium
wallpaperservice32.exe,0,0,0,8130,low,medium
svchost.exe,0,0,0,8130,low,medium
MSI_Central_Service.exe,0,0,0,8130,low,medium
windhawk.exe,0,0,0,8130,low,medium
MSI_Case_Service.exe,0,0,0,8130,low,medium
svchost.exe,0,0,12,8131,low,medium
vpnclient_x64.exe,0,0,100,8131,low,medium
WMIRegistrationService.exe,0,0,0,8131,low,medium
svchost.exe,0,0,25,8131,low,medium
OfficeClickToRun.exe,0,0,5,8131,low,medium
MpDefenderCoreService.exe,0,0,3,8131,low,medium
svchost.exe,0,0,0,8131,low,medium
MsMpEng.exe,0,0,100,8131,low,medium
wslservice.exe,0,0,0,8131,low,medium
python.exe,0,0,1,9,low,medium
svchost.exe,0,0,93,8132,low,medium
zen.exe,0,0,100,1672,low,medium
Spotify.exe,0,0,100,1805,low,medium
nvcontainer.exe,0,0,3,8131,low,medium
wlanext.exe,0,0,0,8132,low,medium
svchost.exe,0,0,1,8132,low,medium
zen.exe,0,0,100,1671,low,medium
svchost.exe,0,0,0,5938,low,medium
WmiPrvSE.exe,0,0,0,8132,low,medium
zen.exe,0,0,0,538,low,medium
svchost.exe,0,0,0,7980,low,medium
pwsh.exe,0,0,1,322,low,medium
WmiPrvSE.exe,0,0,0,8133,low,medium
svchost.exe,0,0,0,8133,low,medium
svchost.exe,0,0,0,8133,low,medium
svchost.exe,0,0,0,8133,low,medium
svchost.exe,0,0,0,8133,low,medium
svchost.exe,0,0,0,8133,low,medium
wallpaper32.exe,0,0,100,8133,low,medium
nvcontainer.exe,0,0,5,8133,low,medium
conhost.exe,0,0,0,324,low,medium
MSI.CentralServer.exe,0,0,3,8133,low,medium
svchost.exe,0,0,80,8133,low,medium
windhawk.exe,0,0,0,8133,low,medium
nvcontainer.exe,0,0,27,8133,low,medium
svchost.exe,0,0,0,8134,low,medium
svchost.exe,0,0,0,8134,low,medium
svchost.exe,0,0,0,8134,low,medium
AggregatorHost.exe,0,0,100,8134,low,medium
dllhost.exe,0,0,4,5566,low,medium
sihost.exe,0,0,0,8134,low,medium
NVIDIA Overlay.exe,0,0,0,8132,low,medium
svchost.exe,0,0,0,8134,low,medium
svchost.exe,0,0,1,8134,low,medium
Code.exe,0,0,100,329,low,medium
svchost.exe,0,0,0,8134,low,medium
svchost.exe,0,0,6,8134,low,medium
taskhostw.exe,0,0,16,8134,low,medium
LEDKeeper2.exe,0,0,4,8134,low,medium
svchost.exe,0,0,0,8135,low,medium
Code.exe,0,0,15,330,low,medium
NVIDIA Overlay.exe,0,0,0,8133,low,medium
svchost.exe,0,0,0,8135,low,medium
Spotify.exe,0,0,25,1809,low,medium
SecurityHealthSystray.exe,0,0,0,8120,low,medium
svchost.exe,0,0,0,8135,low,medium
svchost.exe,0,0,0,8135,low,medium
explorer.exe,0,0,100,8135,low,medium
conhost.exe,0,0,0,14,low,medium
audiodg.exe,0,0,0,423,low,medium
backgroundTaskHost.exe,0,0,0,3725,low,medium
svchost.exe,0,0,0,8135,low,medium
PhoneExperienceHost.exe,0,0,0,8128,low,medium
Zalo.exe,0,0,7,8118,low,medium
PowerToys.exe,0,0,0,8133,low,medium
svchost.exe,0,0,0,8136,low,medium
conhost.exe,0,0,0,8136,low,medium
svchost.exe,0,0,0,8135,low,medium
svchost.exe,0,0,0,4283,low,medium
svchost.exe,0,0,6,8017,low,medium
CC_Engine_x64.exe,0,0,0,8129,low,medium
conhost.exe,0,0,0,8129,low,medium
zen.exe,0,0,0,1678,low,medium
dllhost.exe,0,0,0,5613,low,medium
Widgets.exe,0,0,3,8136,low,medium
MuseAuthService.exe,0,0,48,3786,low,medium
WidgetService.exe,0,0,0,8136,low,medium
svchost.exe,0,0,0,8135,low,medium
NVIDIA Overlay.exe,0,0,0,8136,low,medium
nvsphelper64.exe,0,0,0,8136,low,medium
NVIDIA Overlay.exe,0,0,27,8136,low,medium
Spotify.exe,28,0,100,1812,low,medium
NVIDIA Overlay.exe,0,0,70,8136,low,medium
Code.exe,0,0,40,333,low,medium
ctfmon.exe,0,0,4,8136,low,medium
dllhost.exe,0,0,0,7672,low,medium
python.exe,0,0,0,17,low,medium
RuntimeBroker.exe,0,0,0,5712,low,medium
Spotify.exe,0,0,59,1813,low,medium
NisSrv.exe,0,0,6,8133,low,medium
LockApp.exe,0,0,0,8136,low,medium
svchost.exe,0,0,0,8136,low,medium
RuntimeBroker.exe,0,0,0,8136,low,medium
SearchIndexer.exe,0,0,100,8136,low,medium
backgroundTaskHost.exe,0,0,0,40,low,medium
RuntimeBroker.exe,0,0,0,8040,low,medium
MSI.TerminalServer.exe,0,0,0,8134,low,medium
svchost.exe,0,0,6,8131,low,medium
PowerToys.KeyboardManagerEngine.exe,0,0,0,8130,low,medium
PowerToys.PowerLauncher.exe,0,0,5,8131,low,medium
Zalo.exe,0,0,45,8122,low,medium
Code.exe,0,0,1,335,low,medium
rundll32.exe,0,0,0,8124,low,medium
Code.exe,0,1,100,331,low,medium
steam.exe,0,0,100,8123,low,medium
ruff.exe,0,0,0,332,low,medium
steamwebhelper.exe,0,0,12,8117,low,medium
svchost.exe,0,0,0,5488,low,medium
dasHost.exe,0,0,0,5270,low,medium
steamservice.exe,0,0,0,8118,low,medium
steamwebhelper.exe,0,0,0,8118,low,medium
msedgewebview2.exe,0,0,100,8117,low,medium
Zalo.exe,0,0,52,8123,low,medium
Zalo.exe,0,0,66,8123,low,medium
ZaloCap.exe,0,0,0,8123,low,medium
Zalo.exe,0,0,11,8123,low,medium
Zalo.exe,0,0,100,8123,low,medium
explorer.exe,0,0,19,5859,low,medium
yasb.exe,0,0,5,8110,low,medium
steamwebhelper.exe,0,0,100,8119,low,medium
Code.exe,0,0,100,339,low,medium
ms-teams.exe,0,0,20,8119,low,medium
svchost.exe,0,0,0,8022,low,medium
CHXSmartScreen.exe,0,0,0,5716,low,medium
Everything.exe,0,0,84,8111,low,medium
zen.exe,0,0,28,1682,low,medium
ZaloCall.exe,0,0,0,8122,low,medium
UniKeyNT.exe,0,0,0,8120,low,medium
RuntimeBroker.exe,0,0,0,8119,low,medium
msedgewebview2.exe,0,0,0,8119,low,medium
pwsh.exe,0,0,1,337,low,medium
steamwebhelper.exe,0,0,1,8119,low,medium
msedgewebview2.exe,0,0,6,8119,low,medium
msedgewebview2.exe,0,0,5,8119,low,medium
msedgewebview2.exe,0,0,14,8120,low,medium
msedgewebview2.exe,0,0,42,8120,low,medium
zen.exe,0,0,5,1684,low,medium
steamwebhelper.exe,0,0,0,8119,low,medium
steamwebhelper.exe,0,0,75,8119,low,medium
ms-teams.exe,0,0,7,8119,low,medium
msedgewebview2.exe,0,0,0,8118,low,medium
steamwebhelper.exe,0,0,0,8115,low,medium
Code.exe,0,0,3,341,low,medium
zen.exe,0,0,0,1685,low,medium
zen.exe,0,0,8,1684,low,medium
conhost.exe,0,0,0,335,low,medium
svchost.exe,0,0,0,8025,low,medium
zen.exe,0,0,0,1686,low,medium
Code.exe,0,1,100,341,low,medium
backgroundTaskHost.exe,0,0,0,8046,low,medium
svchost.exe,0,0,0,7678,low,medium
zen.exe,0,0,0,1686,low,medium
Code.exe,0,0,0,339,low,medium
svchost.exe,0,0,0,7679,low,medium
zen.exe,0,0,100,1682,low,medium
zen.exe,0,0,0,1680,low,medium
Code.exe,0,0,1,270,low,medium
dllhost.exe,0,0,0,3448,low,medium
zen.exe,0,0,0,755,low,medium
Code.exe,0,0,0,342,low,medium
ApplicationFrameHost.exe,0,0,0,3472,low,medium
Spotify.exe,0,0,100,1820,low,medium
svchost.exe,0,0,0,5450,low,medium
zen.exe,0,0,0,1683,low,medium
System Idle Process,610,0,0,0,unknown,medium
System,198,0,100,0,unknown,medium
unknown,0,0,0,185543,unknown,medium
VoiceControlEngine.exe,0,0,0,140618,low,medium
Registry,0,0,100,185543,unknown,medium
smss.exe,0,0,0,185536,unknown,medium
csrss.exe,0,0,6,185525,unknown,medium
wininit.exe,0,0,0,185523,unknown,medium
fontdrvhost.exe,0,0,0,167967,unknown,medium
services.exe,0,0,86,185523,unknown,medium
LsaIso.exe,0,0,0,185523,unknown,medium
lsass.exe,0,0,20,185523,unknown,medium
NVIDIA Share.exe,0,0,90,140607,low,medium
NahimicSvc64.exe,0,0,0,140622,low,medium
python.exe,0,0,1,2,low,medium
svchost.exe,0,0,0,140534,unknown,medium
svchost.exe,0,0,29,185524,unknown,medium
backgroundTaskHost.exe,0,0,0,40464,low,medium
fontdrvhost.exe,0,0,0,185524,unknown,medium
MsMpEng.exe,0,1,100,126133,unknown,medium
unsecapp.exe,0,0,0,185456,unknown,medium
svchost.exe,0,0,0,185426,unknown,medium
svchost.exe,0,0,1,185525,unknown,medium
svchost.exe,0,0,0,185525,unknown,medium
gamingservices.exe,0,0,42,185338,unknown,medium
svchost.exe,0,0,0,185525,unknown,medium
svchost.exe,0,0,0,140432,low,medium
msedge.exe,0,0,0,1610,low,medium
svchost.exe,0,0,0,185525,unknown,medium
SearchIndexer.exe,0,0,100,140013,unknown,medium
svchost.exe,0,0,1,185525,unknown,medium
svchost.exe,0,0,0,185525,unknown,medium
svchost.exe,0,0,0,185525,unknown,medium
svchost.exe,0,0,0,185522,unknown,medium
msedgewebview2.exe,0,0,100,44656,low,medium
svchost.exe,0,0,0,185522,unknown,medium
svchost.exe,0,0,0,185522,unknown,medium
svchost.exe,0,0,0,185522,unknown,medium
svchost.exe,0,0,0,185522,unknown,medium
NVIDIA Share.exe,0,0,4,140610,low,medium
svchost.exe,0,0,100,185420,unknown,medium
svchost.exe,0,0,81,185522,unknown,medium
svchost.exe,0,0,0,185523,unknown,medium
svchost.exe,0,0,0,185523,unknown,medium
svchost.exe,0,0,0,185523,unknown,medium
svchost.exe,0,0,0,185523,unknown,medium
svchost.exe,0,0,0,185523,unknown,medium
svchost.exe,0,0,0,185523,unknown,medium
svchost.exe,0,0,0,185524,unknown,medium
svchost.exe,0,0,100,185409,unknown,medium
msedgewebview2.exe,0,0,100,140621,low,medium
msedge.exe,0,5,100,2829,low,medium
svchost.exe,0,0,0,185524,unknown,medium
svchost.exe,0,0,0,185524,unknown,medium
OmApSvcBroker.exe,0,0,4,140628,low,medium
NVDisplay.Container.exe,0,0,100,185524,unknown,medium
svchost.exe,0,0,100,185524,unknown,medium
MemCompression,0,9,0,185524,unknown,medium
svchost.exe,0,0,0,185525,unknown,medium
svchost.exe,0,0,0,185525,unknown,medium
svchost.exe,0,0,0,185525,unknown,medium
svchost.exe,0,0,1,185525,unknown,medium
svchost.exe,0,0,0,185525,unknown,medium
svchost.exe,0,0,0,138538,unknown,medium
svchost.exe,0,0,100,185525,unknown,medium
svchost.exe,0,0,0,185525,unknown,medium
svchost.exe,0,0,0,185525,unknown,medium
NortonUI.exe,0,0,9,139923,low,medium
svchost.exe,0,0,0,185525,unknown,medium
svchost.exe,0,0,0,185526,unknown,medium
PhoneExperienceHost.exe,0,0,1,139421,low,medium
svchost.exe,0,0,32,185526,unknown,medium
svchost.exe,0,0,0,185526,unknown,medium
svchost.exe,0,0,9,185526,unknown,medium
svchost.exe,0,0,23,185424,unknown,medium
spoolsv.exe,0,0,100,185526,unknown,medium
svchost.exe,0,0,100,185526,unknown,medium
svchost.exe,0,0,100,185526,unknown,medium
wlanext.exe,0,0,0,185526,unknown,medium
svchost.exe,0,0,87,185527,unknown,medium
NortonUI.exe,0,0,0,136923,low,medium
svchost.exe,0,0,100,185527,unknown,medium
OneApp.IGCC.WinService.exe,0,0,1,185527,unknown,medium
AggregatorHost.exe,0,0,100,185413,unknown,medium
svchost.exe,0,0,100,185527,unknown,medium
MpDefenderCoreService.exe,0,0,11,126141,unknown,medium
svchost.exe,0,0,0,185527,unknown,medium
svchost.exe,0,0,1,185527,unknown,medium
MSIService.exe,0,0,0,185528,unknown,medium
jhi_service.exe,0,0,0,185528,unknown,medium
IntelAudioService.exe,0,0,0,185528,unknown,medium
TPMProvisioningService.exe,0,0,0,185528,unknown,medium
MSIAPService.exe,0,0,5,185528,unknown,medium
VoiceControl_Service.exe,0,0,0,185528,unknown,medium
MSI_Central_Service.exe,0,0,0,185528,unknown,medium
MSI_Companion_Service.exe,0,0,0,185529,unknown,medium
Sendevsvc.exe,0,0,8,185529,unknown,medium
NahimicService.exe,0,0,32,185529,unknown,medium
backgroundTaskHost.exe,0,0,0,1061,low,medium
svchost.exe,0,0,0,185529,unknown,medium
svchost.exe,0,0,0,185529,unknown,medium
nvcontainer.exe,0,0,96,185529,unknown,medium
WMIRegistrationService.exe,0,0,0,185529,unknown,medium
msedgewebview2.exe,0,0,100,44665,low,medium
dasHost.exe,0,0,0,140545,unknown,medium
RuntimeBroker.exe,0,0,2,140629,low,medium
SecurityHealthService.exe,0,0,7,185232,unknown,medium
svchost.exe,0,0,0,185423,unknown,medium
svchost.exe,0,0,0,185424,unknown,medium
RuntimeBroker.exe,0,0,1,140592,low,medium
pycharm64.exe,0,0,1,109,low,medium
svchost.exe,0,0,0,185513,unknown,medium
WmiPrvSE.exe,0,0,0,185530,unknown,medium
dllhost.exe,0,0,0,4129,low,medium
WmiPrvSE.exe,0,0,28,185530,unknown,medium
NahimicSvc32.exe,0,0,0,140634,low,medium
WUDFHost.exe,0,0,0,175200,unknown,medium
svchost.exe,0,0,15,185395,unknown,medium
python.exe,0,0,0,14,low,medium
svchost.exe,0,0,0,140548,unknown,medium
WmiPrvSE.exe,0,0,0,185531,unknown,medium
sihost.exe,0,0,7,140636,low,medium
svchost.exe,0,0,1,185425,unknown,medium
svchost.exe,0,0,0,140633,low,medium
MSI.CentralServer.exe,0,0,13,185530,unknown,medium
svchost.exe,0,0,100,185531,unknown,medium
ms-teams.exe,0,0,87,44670,low,medium
TextInputHost.exe,0,0,2,140622,low,medium
conhost.exe,0,0,0,185531,unknown,medium
DataExchangeHost.exe,0,0,0,99837,low,medium
svchost.exe,0,0,0,185531,unknown,medium
wsc_proxy.exe,0,0,0,140551,unknown,medium
msedgewebview2.exe,0,0,17,140631,low,medium
svchost.exe,0,0,0,185403,unknown,medium
OneDrive.exe,0,0,86,140572,low,medium
svchost.exe,0,0,0,135005,unknown,medium
svchost.exe,0,0,0,110248,low,medium
csrss.exe,0,0,7,167983,unknown,medium
svchost.exe,0,0,13,185427,unknown,medium
winlogon.exe,0,0,1,167983,unknown,medium
msedgewebview2.exe,0,0,76,140631,low,medium
RuntimeBroker.exe,0,0,0,40687,low,medium
msedgewebview2.exe,0,0,100,44670,low,medium
backgroundTaskHost.exe,0,0,0,18941,low,medium
svchost.exe,0,0,0,185402,unknown,medium
nahimicNotifSys.exe,0,0,100,140609,low,medium
svchost.exe,0,0,35,185394,unknown,medium
WindowsCopilotRuntimeActions.exe,0,0,0,140612,low,medium
svchost.exe,0,0,0,519,unknown,medium
UserOOBEBroker.exe,0,0,0,101061,low,medium
conhost.exe,0,0,0,140635,low,medium
svchost.exe,0,0,100,140640,low,medium
msedgewebview2.exe,0,0,100,44671,low,medium
AppVShNotify.exe,0,0,0,140071,low,medium
RtkAudUService64.exe,0,0,38,175285,unknown,medium
pycharm64.exe,57,14,100,124,low,medium
svchost.exe,0,0,0,185393,unknown,medium
XboxPcAppFT.exe,0,0,0,138547,low,medium
CurseForge.exe,0,1,76,1605,low,medium
gamingservicesnet.exe,0,0,0,185354,unknown,medium
svchost.exe,0,0,0,4224,unknown,medium
PresentationFontCache.exe,0,0,0,185403,unknown,medium
NisSrv.exe,0,0,0,126144,unknown,medium
NahimicAPO4Volume.exe,0,0,0,140639,low,medium
msedgewebview2.exe,0,0,0,140635,low,medium
nvsphelper64.exe,0,0,4,140625,low,medium
svchost.exe,0,0,0,140641,low,medium
NortonSvc.exe,0,0,100,140554,unknown,medium
backgroundTaskHost.exe,0,0,0,96580,low,medium
VpnSvc.exe,0,0,64,140553,unknown,medium
msedgewebview2.exe,0,0,20,140635,low,medium
taskhostw.exe,0,0,100,140642,low,medium
RuntimeBroker.exe,0,0,0,111921,low,medium
FileSyncHelper.exe,0,0,0,140573,unknown,medium
svchost.exe,0,0,0,140553,unknown,medium
svchost.exe,0,0,0,96997,low,medium
aswidsagent.exe,0,0,100,140540,unknown,medium
backgroundTaskHost.exe,0,0,0,37498,low,medium
svchost.exe,0,0,0,140553,unknown,medium
WindowsPackageManagerServer.exe,0,0,0,20322,low,medium
svchost.exe,0,0,0,140643,low,medium
audiodg.exe,16,0,0,11069,low,medium
msedge.exe,0,0,0,41070,low,medium
ApplicationFrameHost.exe,0,0,0,140601,low,medium
FileCoAuth.exe,0,0,0,113013,low,medium
svchost.exe,0,0,0,182577,unknown,medium
ctfmon.exe,0,0,1,140633,low,medium
conhost.exe,0,0,0,15761,low,medium
SearchFilterHost.exe,0,0,0,194,unknown,medium
java.exe,0,0,100,15761,low,medium
svchost.exe,0,0,13,140641,low,medium
RuntimeBroker.exe,0,0,0,140618,low,medium
NVIDIA Share.exe,0,0,59,140627,low,medium
dllhost.exe,0,0,1,140641,low,medium
aswEngSrv.exe,0,0,100,140543,unknown,medium
SecurityHealthSystray.exe,0,0,0,140624,low,medium
RuntimeBroker.exe,0,0,0,44677,low,medium
RtkAudUService64.exe,0,0,0,140623,low,medium
dllhost.exe,0,0,0,4138,low,medium
RuntimeBroker.exe,0,0,6,140639,low,medium
NVIDIA Web Helper.exe,0,0,52,140641,low,medium
afwServ.exe,0,0,100,140558,unknown,medium
svchost.exe,0,0,0,185241,unknown,medium
MSI.TerminalServer.exe,0,0,0,140644,low,medium
svchost.exe,0,0,0,182586,unknown,medium
msedgewebview2.exe,0,0,19,140639,low,medium
dllhost.exe,0,0,0,96602,low,medium
Widgets.exe,0,0,17,140641,low,medium
backgroundTaskHost.exe,0,0,0,10408,low,medium
explorer.exe,0,0,100,140645,low,medium
svchost.exe,0,0,2,185265,unknown,medium
nllToolsSvc.exe,0,0,100,140558,unknown,medium
StartMenuExperienceHost.exe,0,0,3,140642,low,medium
SearchHost.exe,0,0,25,140642,low,medium
msedge.exe,0,0,1,40664,low,medium
NVDisplay.Container.exe,0,0,100,167983,unknown,medium
NortonUI.exe,0,0,12,139941,low,medium
nvcontainer.exe,0,0,17,140647,low,medium
OfficeClickToRun.exe,0,0,100,140104,unknown,medium
msedge.exe,0,0,100,41073,low,medium
msedgewebview2.exe,0,0,63,38062,low,medium
Nahimic3.exe,0,0,0,140605,low,medium
svchost.exe,0,0,0,140642,low,medium
dllhost.exe,0,0,0,4141,low,medium
SearchFilterHost.exe,0,0,0,244,unknown,medium
RuntimeBroker.exe,0,0,0,7305,low,medium
ms-teams.exe,0,0,67,44664,low,medium
nvcontainer.exe,0,0,100,140648,low,medium
backgroundTaskHost.exe,0,0,0,139439,low,medium
svchost.exe,0,0,100,140648,low,medium
NortonUI.exe,0,0,100,140553,low,medium
igfxCUIServiceN.exe,0,0,0,175201,unknown,medium
AvDump.exe,0,0,0,140563,unknown,medium
CurseForge.exe,0,0,2,208,low,medium
vgtray.exe,0,0,0,140628,low,medium
TranslucentTB.exe,0,0,0,140624,low,medium
svchost.exe,0,0,1,98256,unknown,medium
msedgewebview2.exe,0,0,100,44680,low,medium
Start_HDR.exe,0,0,6,140649,unknown,medium
dwm.exe,0,0,62,167994,unknown,medium
Rainmeter.exe,0,0,0,140624,low,medium
svchost.exe,0,0,0,101676,unknown,medium
fsnotifier.exe,0,0,0,132,low,medium
ShellExperienceHost.exe,0,0,10,111929,low,medium
backgroundTaskHost.exe,0,0,0,44199,low,medium
svchost.exe,0,0,0,44705,unknown,medium
msedge.exe,0,0,100,41076,low,medium
taskhostw.exe,0,0,0,117707,low,medium
msedge.exe,0,0,13,40668,low,medium
CurseForge.exe,0,0,20,1604,low,medium
backgroundTaskHost.exe,0,0,0,110518,low,medium
backgroundTaskHost.exe,0,0,1,7309,low,medium
dllhost.exe,0,0,0,44709,low,medium
svchost.exe,0,0,0,17108,unknown,medium
msedge.exe,0,0,0,1546,low,medium
backgroundTaskHost.exe,0,0,0,106741,low,medium
ShellHost.exe,0,0,0,22438,low,medium
backgroundTaskHost.exe,0,0,0,97371,low,medium
dllhost.exe,0,0,0,4145,low,medium
msedge.exe,0,1,100,41078,low,medium
backgroundTaskHost.exe,0,0,0,99227,low,medium
msedgewebview2.exe,0,0,0,44664,low,medium
svchost.exe,0,0,0,22323,unknown,medium
powershell.exe,0,0,0,126,low,medium
msedge.exe,0,1,2,44,low,medium
backgroundTaskHost.exe,0,0,0,7690,low,medium
msedge.exe,0,0,100,41079,low,medium
svchost.exe,0,0,0,101694,unknown,medium
pycharm64.exe,0,0,4,97,low,medium
backgroundTaskHost.exe,0,0,0,11713,low,medium
Curse.Agent.Host.exe,0,0,100,1612,low,medium
msedgewebview2.exe,0,0,0,44684,low,medium
svchost.exe,0,0,0,134,unknown,medium
msedge.exe,0,0,0,40702,low,medium
NgcIso.exe,0,0,0,191,unknown,medium
conhost.exe,0,0,0,135,low,medium
SearchProtocolHost.exe,0,0,5,258,unknown,medium
pycharm64.exe,0,0,2,126,low,medium
conhost.exe,0,0,0,1613,low,medium
CurseForge.exe,0,0,39,1607,low,medium
CurseForge.exe,0,0,100,1611,low,medium
svchost.exe,0,0,0,202,unknown,medium
OpenConsole.exe,0,0,0,128,low,medium
CurseForge.exe,0,0,100,1623,low,medium
CurseForge.exe,0,0,0,1601,low,medium
CurseForge.exe,0,0,91,1621,low,medium
svchost.exe,0,0,0,193,unknown,medium
CurseForge.exe,0,0,74,1621,low,medium
smartscreen.exe,0,0,0,139,low,medium
pycharm64.exe,0,0,0,99,low,medium
System Idle Process,409,0,0,0,unknown,medium
System,15,0,100,0,unknown,medium
Registry,0,0,100,14972,unknown,medium
browser.exe,0,0,100,14898,low,medium
browser.exe,0,0,100,14899,low,medium
svchost.exe,0,0,4,14965,unknown,medium
Code.exe,0,1,10,87,low,medium
smss.exe,0,0,0,14971,unknown,medium
pet.exe,0,0,0,61,low,medium
WUDFHost.exe,0,0,5,14965,unknown,medium
csrss.exe,0,0,0,14966,unknown,medium
wininit.exe,0,0,0,14966,unknown,medium
csrss.exe,0,0,1,14966,unknown,medium
services.exe,0,0,0,14966,unknown,medium
lsass.exe,0,0,0,14966,unknown,medium
winlogon.exe,0,0,0,14966,unknown,medium
fontdrvhost.exe,0,0,0,14966,unknown,medium
fontdrvhost.exe,0,0,0,14966,unknown,medium
svchost.exe,0,0,0,14966,unknown,medium
svchost.exe,0,0,0,14966,unknown,medium
msedgewebview2.exe,0,0,67,14856,low,medium
WUDFHost.exe,0,0,0,14966,unknown,medium
browser.exe,0,3,59,641,low,medium
svchost.exe,0,0,0,14966,unknown,medium
vpncmgr_x64.exe,0,0,9,14936,low,medium
browser.exe,0,3,100,2546,low,medium
browser.exe,0,0,27,14896,low,medium
svchost.exe,0,0,0,14967,unknown,medium
svchost.exe,0,0,88,14967,unknown,medium
svchost.exe,0,0,0,14967,unknown,medium
svchost.exe,0,0,0,14967,unknown,medium
audiodg.exe,0,0,0,12276,low,medium
dwm.exe,0,0,10,14967,unknown,medium
svchost.exe,0,0,0,14968,unknown,medium
msedgewebview2.exe,0,0,72,14858,low,medium
IntelCpHDCPSvc.exe,0,0,0,14968,unknown,medium
svchost.exe,0,0,0,14968,unknown,medium
svchost.exe,0,0,0,14968,unknown,medium
svchost.exe,0,0,0,14968,unknown,medium
msedgewebview2.exe,0,0,100,11149,low,medium
FileCoAuth.exe,0,0,0,13543,low,medium
svchost.exe,0,0,0,14968,unknown,medium
svchost.exe,0,0,0,14969,unknown,medium
svchost.exe,0,0,0,14969,unknown,medium
svchost.exe,0,0,10,14969,unknown,medium
IntelCpHeciSvc.exe,0,0,0,14969,unknown,medium
smartscreen.exe,0,0,0,92,low,medium
svchost.exe,0,0,0,14968,unknown,medium
svchost.exe,0,0,0,14969,unknown,medium
svchost.exe,0,0,0,14969,unknown,medium
svchost.exe,0,0,7,14843,low,medium
svchost.exe,0,0,0,14969,unknown,medium
conhost.exe,0,0,0,61,low,medium
svchost.exe,0,0,0,14970,unknown,medium
svchost.exe,0,0,41,14970,unknown,medium
svchost.exe,0,0,0,14970,unknown,medium
svchost.exe,0,0,0,14970,unknown,medium
svchost.exe,0,0,0,14970,unknown,medium
jusched.exe,0,0,0,14939,low,medium
igfxCUIService.exe,0,0,0,14970,unknown,medium
svchost.exe,0,0,0,14970,unknown,medium
SearchProtocolHost.exe,0,0,0,18,unknown,medium
svchost.exe,0,0,70,14971,unknown,medium
svchost.exe,0,0,0,14971,unknown,medium
MemCompression,0,2,0,14971,unknown,medium
RuntimeBroker.exe,0,0,0,13025,low,medium
svchost.exe,0,0,0,14971,unknown,medium
svchost.exe,0,0,0,14971,unknown,medium
svchost.exe,0,0,0,14971,unknown,medium
svchost.exe,0,0,0,14971,unknown,medium
svchost.exe,0,0,0,14971,unknown,medium
svchost.exe,0,0,0,12334,unknown,medium
svchost.exe,0,0,0,14971,unknown,medium
wlanext.exe,0,0,0,14971,unknown,medium
RuntimeBroker.exe,0,0,7,14956,low,medium
spoolsv.exe,0,0,0,14971,unknown,medium
conhost.exe,0,0,0,14972,unknown,medium
svchost.exe,0,0,0,14972,unknown,medium
ms-teams.exe,0,0,9,11140,low,medium
svchost.exe,0,0,0,14972,unknown,medium
svchost.exe,0,0,0,14972,unknown,medium
taskhostw.exe,0,0,0,14967,low,medium
msedgewebview2.exe,0,2,100,11153,low,medium
svchost.exe,0,0,1,14972,unknown,medium
OfficeClickToRun.exe,0,0,6,14972,unknown,medium
svchost.exe,0,0,0,14972,unknown,medium
svchost.exe,0,0,100,14972,unknown,medium
svchost.exe,0,0,100,14972,unknown,medium
svchost.exe,0,0,19,14968,low,medium
FoxitPDFReaderUpdateService.exe,0,0,100,14973,unknown,medium
SearchFilterHost.exe,0,0,0,22,unknown,medium
esif_uf.exe,0,0,0,14973,unknown,medium
svchost.exe,0,0,0,14972,unknown,medium
OneApp.IGCC.WinService.exe,0,0,0,14973,unknown,medium
svchost.exe,0,0,56,14973,unknown,medium
IntelAudioService.exe,0,0,0,14973,unknown,medium
jhi_service.exe,0,0,0,14973,unknown,medium
svchost.exe,0,0,0,14967,low,medium
taskhostw.exe,0,0,0,14969,low,medium
browser.exe,0,0,0,177,low,medium
MpDefenderCoreService.exe,0,0,4,14974,unknown,medium
svchost.exe,0,0,0,14974,unknown,medium
RtkAudUService64.exe,0,0,0,14974,unknown,medium
RstMwService.exe,0,0,0,14974,unknown,medium
svchost.exe,0,0,0,14974,unknown,medium
vpnclient_x64.exe,0,0,100,14974,unknown,medium
svchost.exe,0,0,0,14974,unknown,medium
dasHost.exe,0,0,0,14974,unknown,medium
svchost.exe,0,0,0,14975,unknown,medium
MsMpEng.exe,0,2,100,14975,unknown,medium
svchost.exe,0,0,0,14975,unknown,medium
svchost.exe,0,0,3,14975,unknown,medium
browser.exe,0,0,0,14891,low,medium
WMIRegistrationService.exe,0,0,0,14975,unknown,medium
WmiPrvSE.exe,0,0,0,35,unknown,medium
Video.UI.exe,0,0,14,13031,low,medium
svchost.exe,0,0,0,14975,unknown,medium
RuntimeBroker.exe,0,0,6,6035,low,medium
svchost.exe,0,0,0,276,unknown,medium
browser.exe,0,2,100,14914,low,medium
browser.exe,0,0,0,14913,low,medium
browser.exe,0,0,2,14899,low,medium
svchost.exe,0,0,0,14975,unknown,medium
dptf_helper.exe,0,0,0,14975,low,medium
igfxEM.exe,0,0,0,14972,low,medium
browser.exe,0,7,100,14904,low,medium
browser.exe,0,0,2,14427,low,medium
dllhost.exe,0,0,1,14975,unknown,medium
SearchApp.exe,0,0,3,14870,low,medium
TextInputHost.exe,0,0,0,14959,low,medium
gamingservices.exe,0,0,12,14975,unknown,medium
gamingservicesnet.exe,0,0,0,14975,unknown,medium
SearchIndexer.exe,0,0,29,14975,unknown,medium
dllhost.exe,0,0,41,14970,low,medium
browser.exe,0,3,100,14438,low,medium
Code.exe,0,1,44,102,low,medium
browser.exe,0,0,1,649,low,medium
svchost.exe,0,0,0,14974,unknown,medium
svchost.exe,0,0,0,14974,unknown,medium
LockApp.exe,0,0,0,6037,low,medium
svchost.exe,0,0,100,14974,low,medium
sihost.exe,0,0,1,14974,low,medium
Code.exe,0,1,91,103,low,medium
svchost.exe,0,0,0,14975,unknown,medium
svchost.exe,0,0,0,14975,unknown,medium
svchost.exe,0,0,0,14975,unknown,medium
msedgewebview2.exe,0,0,88,11161,low,medium
msedgewebview2.exe,0,0,5,14871,low,medium
svchost.exe,0,0,2,6042,unknown,medium
svchost.exe,0,0,0,405,unknown,medium
svchost.exe,0,0,0,14975,unknown,medium
ctfmon.exe,0,0,0,14975,low,medium
svchost.exe,0,0,0,14885,unknown,medium
UniKeyNT.exe,0,0,0,14499,low,medium
svchost.exe,0,0,0,14855,unknown,medium
RtkAudUService64.exe,0,0,0,14972,unknown,medium
explorer.exe,0,1,81,14975,low,medium
Code.exe,0,1,3,78,low,medium
svchost.exe,0,0,0,14975,unknown,medium
AggregatorHost.exe,0,0,100,14975,unknown,medium
rundll32.exe,0,0,0,14883,low,medium
browser.exe,0,0,2,14905,low,medium
browser.exe,46,1,28,7411,low,medium
StartMenuExperienceHost.exe,0,0,0,14973,low,medium
RuntimeBroker.exe,0,0,0,14972,low,medium
svchost.exe,0,0,0,14972,unknown,medium
browser.exe,0,1,100,14511,low,medium
SearchApp.exe,0,0,84,14972,low,medium
RuntimeBroker.exe,0,0,5,14972,low,medium
msedge.exe,0,0,4,14956,low,medium
svchost.exe,0,0,0,14968,unknown,medium
NisSrv.exe,0,0,0,14967,unknown,medium
msedge.exe,0,0,10,14956,low,medium
ms-teams.exe,0,0,49,11785,low,medium
svchost.exe,0,0,0,14971,unknown,medium
conhost.exe,0,0,0,81,low,medium
browser.exe,0,0,2,14284,low,medium
msedge.exe,0,0,0,14956,low,medium
msedgewebview2.exe,0,0,0,14875,low,medium
browser.exe,0,0,5,14431,low,medium
browser.exe,0,0,100,14919,low,medium
browser.exe,0,0,100,14917,low,medium
CocCocCrashHandler.exe,0,0,0,14970,unknown,medium
CocCocCrashHandler64.exe,0,0,0,14970,unknown,medium
msedgewebview2.exe,0,0,72,11165,low,medium
SecurityHealthSystray.exe,0,0,0,14961,low,medium
SecurityHealthService.exe,0,0,0,14961,unknown,medium
RtkAudUService64.exe,0,0,0,14961,low,medium
vpnclient_x64.exe,0,0,10,14961,low,medium
OneDrive.exe,0,0,48,14960,low,medium
OneDrive.exe,0,0,12,14959,low,medium
svchost.exe,0,0,0,14960,unknown,medium
msedge.exe,0,0,65,14959,low,medium
Microsoft.SharePoint.exe,0,0,3,14677,low,medium
svchost.exe,0,0,0,14959,unknown,medium
msedge.exe,0,0,0,14959,low,medium
browser.exe,0,0,26,14921,low,medium
conhost.exe,0,0,0,81,low,medium
Code.exe,0,1,35,87,low,medium
msedgewebview2.exe,0,0,11,14877,low,medium
msedge.exe,0,0,5,14958,low,medium
msedgewebview2.exe,0,0,37,14877,low,medium
browser.exe,0,0,22,14446,low,medium
msedge.exe,0,0,0,14958,low,medium
browser.exe,0,2,100,14922,low,medium
ShellExperienceHost.exe,0,0,0,14958,low,medium
CompPkgSrv.exe,0,0,0,14909,low,medium
RuntimeBroker.exe,0,0,0,14957,low,medium
browser.exe,15,0,100,14922,low,medium
python.exe,0,0,0,24,low,medium
svchost.exe,0,0,0,14379,unknown,medium
powershell.exe,0,0,0,83,low,medium
dllhost.exe,0,0,12,14397,low,medium
Code.exe,0,3,100,81,low,medium
browser.exe,0,1,48,8079,low,medium
UserOOBEBroker.exe,0,0,0,4274,low,medium
Code.exe,0,1,39,109,low,medium
RuntimeBroker.exe,0,0,0,11788,low,medium
browser.exe,0,1,7,4762,low,medium
msedgewebview2.exe,0,0,18,11168,low,medium
msedgewebview2.exe,0,0,0,11169,low,medium
svchost.exe,0,0,2,380,unknown,medium
powershell.exe,0,0,0,80,low,medium
Code.exe,0,0,0,112,low,medium
Code.exe,0,0,1,90,low,medium
msedgewebview2.exe,0,0,0,11154,low,medium
browser.exe,0,1,23,191,low,medium
dllhost.exe,0,0,0,2367,low,medium
browser.exe,0,0,0,659,low,medium
Code.exe,0,0,0,112,low,medium
svchost.exe,0,0,0,4516,unknown,medium
Code.exe,0,0,0,87,low,medium
System Idle Process,258,0,0,0,unknown,medium
System,0,0,100,0,unknown,medium
Registry,0,0,100,15045,unknown,medium
browser.exe,0,0,100,14971,low,medium
browser.exe,0,0,100,14971,low,medium
svchost.exe,0,0,4,15037,unknown,medium
Code.exe,31,1,24,159,low,medium
smss.exe,0,0,0,15043,unknown,medium
pet.exe,0,0,0,133,low,medium
WUDFHost.exe,0,0,5,15037,unknown,medium
csrss.exe,0,0,0,15038,unknown,medium
wininit.exe,0,0,0,15038,unknown,medium
csrss.exe,0,0,1,15038,unknown,medium
services.exe,0,0,0,15038,unknown,medium
lsass.exe,0,0,0,15038,unknown,medium
winlogon.exe,0,0,0,15038,unknown,medium
fontdrvhost.exe,0,0,0,15038,unknown,medium
fontdrvhost.exe,0,0,0,15038,unknown,medium
svchost.exe,0,0,0,15038,unknown,medium
svchost.exe,0,0,0,15038,unknown,medium
msedgewebview2.exe,0,0,67,14928,low,medium
WUDFHost.exe,0,0,0,15038,unknown,medium
browser.exe,0,3,61,713,low,medium
svchost.exe,0,0,0,15039,unknown,medium
vpncmgr_x64.exe,0,0,9,15008,low,medium
browser.exe,0,3,100,2618,low,medium
browser.exe,0,0,27,14968,low,medium
svchost.exe,0,0,0,15039,unknown,medium
svchost.exe,0,0,88,15039,unknown,medium
svchost.exe,0,0,0,15039,unknown,medium
svchost.exe,0,0,0,15039,unknown,medium
audiodg.exe,0,0,0,12349,low,medium
dwm.exe,0,0,10,15040,unknown,medium
svchost.exe,0,0,0,15040,unknown,medium
msedgewebview2.exe,0,0,72,14930,low,medium
IntelCpHDCPSvc.exe,0,0,0,15040,unknown,medium
svchost.exe,0,0,0,15040,unknown,medium
svchost.exe,0,0,0,15040,unknown,medium
svchost.exe,0,0,0,15040,unknown,medium
msedgewebview2.exe,0,0,100,11221,low,medium
FileCoAuth.exe,0,0,0,13615,low,medium
svchost.exe,0,0,0,15040,unknown,medium
svchost.exe,0,0,0,15040,unknown,medium
svchost.exe,0,0,0,15041,unknown,medium
svchost.exe,0,0,10,15041,unknown,medium
IntelCpHeciSvc.exe,0,0,0,15041,unknown,medium
smartscreen.exe,0,0,0,164,low,medium
svchost.exe,0,0,0,15040,unknown,medium
svchost.exe,0,0,0,15041,unknown,medium
svchost.exe,0,0,0,15041,unknown,medium
svchost.exe,0,0,7,14915,low,medium
svchost.exe,0,0,0,15041,unknown,medium
conhost.exe,0,0,0,133,low,medium
svchost.exe,0,0,0,15042,unknown,medium
svchost.exe,0,0,41,15042,unknown,medium
svchost.exe,0,0,0,15042,unknown,medium
svchost.exe,0,0,0,15042,unknown,medium
svchost.exe,0,0,0,15042,unknown,medium
jusched.exe,0,0,0,15011,low,medium
igfxCUIService.exe,0,0,0,15042,unknown,medium
svchost.exe,0,0,0,15042,unknown,medium
SearchProtocolHost.exe,0,0,0,90,unknown,medium
svchost.exe,0,0,71,15042,unknown,medium
svchost.exe,0,0,0,15043,unknown,medium
MemCompression,0,2,0,15043,unknown,medium
RuntimeBroker.exe,0,0,0,13097,low,medium
svchost.exe,0,0,0,15043,unknown,medium
svchost.exe,0,0,0,15043,unknown,medium
svchost.exe,0,0,0,15043,unknown,medium
svchost.exe,0,0,0,15043,unknown,medium
svchost.exe,0,0,0,15043,unknown,medium
svchost.exe,0,0,0,12405,unknown,medium
svchost.exe,0,0,0,15043,unknown,medium
wlanext.exe,0,0,0,15043,unknown,medium
RuntimeBroker.exe,0,0,7,15028,low,medium
spoolsv.exe,0,0,0,15043,unknown,medium
conhost.exe,0,0,0,15043,unknown,medium
svchost.exe,0,0,0,15043,unknown,medium
ms-teams.exe,0,0,9,11212,low,medium
svchost.exe,0,0,0,15043,unknown,medium
svchost.exe,0,0,0,15044,unknown,medium
taskhostw.exe,0,0,0,15039,low,medium
msedgewebview2.exe,0,2,100,11224,low,medium
svchost.exe,0,0,1,15044,unknown,medium
OfficeClickToRun.exe,0,0,6,15044,unknown,medium
svchost.exe,0,0,0,15044,unknown,medium
svchost.exe,0,0,100,15044,unknown,medium
svchost.exe,0,0,100,15044,unknown,medium
svchost.exe,0,0,19,15039,low,medium
FoxitPDFReaderUpdateService.exe,0,0,100,15044,unknown,medium
SearchFilterHost.exe,0,0,0,93,unknown,medium
esif_uf.exe,0,0,0,15044,unknown,medium
svchost.exe,0,0,0,15044,unknown,medium
OneApp.IGCC.WinService.exe,0,0,0,15045,unknown,medium
svchost.exe,0,0,56,15045,unknown,medium
IntelAudioService.exe,0,0,0,15045,unknown,medium
jhi_service.exe,0,0,0,15045,unknown,medium
svchost.exe,0,0,0,15038,low,medium
taskhostw.exe,0,0,0,15041,low,medium
browser.exe,0,0,0,249,low,medium
MpDefenderCoreService.exe,0,0,4,15045,unknown,medium
svchost.exe,0,0,0,15045,unknown,medium
RtkAudUService64.exe,0,0,0,15045,unknown,medium
RstMwService.exe,0,0,0,15045,unknown,medium
svchost.exe,0,0,0,15046,unknown,medium
vpnclient_x64.exe,0,0,100,15046,unknown,medium
svchost.exe,0,0,0,15046,unknown,medium
dasHost.exe,0,0,0,15046,unknown,medium
svchost.exe,0,0,0,15046,unknown,medium
MsMpEng.exe,0,2,100,15046,unknown,medium
svchost.exe,0,0,0,15046,unknown,medium
svchost.exe,0,0,3,15046,unknown,medium
browser.exe,0,0,0,14963,low,medium
WMIRegistrationService.exe,0,0,0,15046,unknown,medium
Video.UI.exe,0,0,14,13103,low,medium
svchost.exe,0,0,0,15047,unknown,medium
RuntimeBroker.exe,0,0,6,6106,low,medium
svchost.exe,0,0,0,348,unknown,medium
browser.exe,0,2,100,14985,low,medium
browser.exe,0,0,0,14985,low,medium
browser.exe,0,0,2,14970,low,medium
svchost.exe,0,0,0,15046,unknown,medium
dptf_helper.exe,0,0,0,15046,low,medium
igfxEM.exe,0,0,0,15043,low,medium
browser.exe,31,8,100,14976,low,medium
browser.exe,0,0,2,14498,low,medium
dllhost.exe,0,0,1,15046,unknown,medium
SearchApp.exe,0,0,3,14941,low,medium
TextInputHost.exe,0,0,0,15031,low,medium
gamingservices.exe,0,0,12,15046,unknown,medium
gamingservicesnet.exe,0,0,0,15046,unknown,medium
SearchIndexer.exe,0,0,29,15046,unknown,medium
dllhost.exe,0,0,41,15041,low,medium
browser.exe,0,3,100,14509,low,medium
Code.exe,0,2,68,173,low,medium
browser.exe,0,0,1,720,low,medium
svchost.exe,0,0,0,15045,unknown,medium
svchost.exe,0,0,0,15046,unknown,medium
LockApp.exe,0,0,0,6108,low,medium
svchost.exe,0,0,100,15045,low,medium
sihost.exe,0,0,1,15045,low,medium
Code.exe,0,1,94,174,low,medium
svchost.exe,0,0,0,15046,unknown,medium
svchost.exe,0,0,0,15046,unknown,medium
svchost.exe,0,0,0,15046,unknown,medium
msedgewebview2.exe,0,0,88,11232,low,medium
msedgewebview2.exe,0,0,5,14942,low,medium
svchost.exe,0,0,2,6113,unknown,medium
svchost.exe,0,0,0,476,unknown,medium
svchost.exe,0,0,0,15046,unknown,medium
ctfmon.exe,0,0,0,15046,low,medium
svchost.exe,0,0,0,14956,unknown,medium
UniKeyNT.exe,0,0,0,14571,low,medium
svchost.exe,0,0,0,14927,unknown,medium
RtkAudUService64.exe,0,0,0,15043,unknown,medium
explorer.exe,0,1,81,15046,low,medium
Code.exe,0,1,3,149,low,medium
svchost.exe,0,0,0,15046,unknown,medium
AggregatorHost.exe,0,0,100,15046,unknown,medium
rundll32.exe,0,0,0,14954,low,medium
browser.exe,0,0,2,14976,low,medium
browser.exe,0,1,28,7482,low,medium
StartMenuExperienceHost.exe,0,0,0,15044,low,medium
python.exe,0,0,0,18,low,medium
RuntimeBroker.exe,0,0,0,15044,low,medium
svchost.exe,0,0,0,15043,unknown,medium
browser.exe,0,1,100,14582,low,medium
SearchApp.exe,0,0,84,15043,low,medium
RuntimeBroker.exe,0,0,5,15043,low,medium
msedge.exe,0,0,4,15027,low,medium
svchost.exe,0,0,0,15039,unknown,medium
NisSrv.exe,0,0,0,15038,unknown,medium
msedge.exe,0,0,10,15027,low,medium
ms-teams.exe,0,0,49,11856,low,medium
svchost.exe,0,0,0,15042,unknown,medium
conhost.exe,0,0,0,152,low,medium
browser.exe,0,0,2,14356,low,medium
msedge.exe,0,0,0,15027,low,medium
msedgewebview2.exe,0,0,0,14946,low,medium
browser.exe,0,0,5,14502,low,medium
browser.exe,0,0,100,14990,low,medium
browser.exe,0,0,100,14988,low,medium
CocCocCrashHandler.exe,0,0,0,15041,unknown,medium
CocCocCrashHandler64.exe,0,0,0,15041,unknown,medium
msedgewebview2.exe,0,0,72,11236,low,medium
SecurityHealthSystray.exe,0,0,0,15032,low,medium
SecurityHealthService.exe,0,0,0,15033,unknown,medium
RtkAudUService64.exe,0,0,0,15032,low,medium
vpnclient_x64.exe,0,0,10,15032,low,medium
OneDrive.exe,0,0,48,15031,low,medium
OneDrive.exe,0,0,12,15031,low,medium
svchost.exe,0,0,0,15031,unknown,medium
msedge.exe,0,0,65,15030,low,medium
Microsoft.SharePoint.exe,0,0,3,14748,low,medium
svchost.exe,0,0,0,15030,unknown,medium
msedge.exe,0,0,0,15030,low,medium
browser.exe,0,0,26,14992,low,medium
conhost.exe,0,0,0,152,low,medium
Code.exe,0,1,40,158,low,medium
msedgewebview2.exe,0,0,11,14948,low,medium
msedge.exe,0,0,5,15029,low,medium
msedgewebview2.exe,0,0,37,14948,low,medium
browser.exe,0,0,22,14517,low,medium
msedge.exe,0,0,0,15029,low,medium
browser.exe,62,2,100,14993,low,medium
ShellExperienceHost.exe,0,0,0,15029,low,medium
CompPkgSrv.exe,0,0,0,14980,low,medium
RuntimeBroker.exe,0,0,0,15028,low,medium
browser.exe,0,0,100,14993,low,medium
svchost.exe,0,0,0,14449,unknown,medium
powershell.exe,0,0,0,153,low,medium
dllhost.exe,0,0,12,14468,low,medium
Code.exe,0,3,100,152,low,medium
browser.exe,0,1,48,8150,low,medium
UserOOBEBroker.exe,0,0,0,4345,low,medium
Code.exe,0,0,40,180,low,medium
RuntimeBroker.exe,0,0,0,11859,low,medium
browser.exe,0,0,7,4833,low,medium
msedgewebview2.exe,0,0,18,11239,low,medium
msedgewebview2.exe,0,0,0,11240,low,medium
svchost.exe,0,0,2,451,unknown,medium
powershell.exe,0,0,0,151,low,medium
Code.exe,0,0,0,183,low,medium
Code.exe,0,0,1,161,low,medium
msedgewebview2.exe,0,0,0,11225,low,medium
browser.exe,0,1,23,262,low,medium
dllhost.exe,0,0,0,2438,low,medium
browser.exe,0,0,0,729,low,medium
Code.exe,0,0,0,183,low,medium
svchost.exe,0,0,0,4587,unknown,medium
Code.exe,0,0,0,158,low,medium
System Idle Process,162,0,0,0,unknown,medium
System,0,0,100,0,unknown,medium
Registry,0,0,100,15105,unknown,medium
browser.exe,0,0,100,15031,low,medium
browser.exe,0,0,100,15031,low,medium
svchost.exe,0,0,4,15097,unknown,medium
Code.exe,0,1,40,219,low,medium
smss.exe,0,0,0,15103,unknown,medium
pet.exe,0,0,0,193,low,medium
WUDFHost.exe,0,0,5,15097,unknown,medium
csrss.exe,0,0,0,15098,unknown,medium
wininit.exe,0,0,0,15098,unknown,medium
csrss.exe,0,0,1,15098,unknown,medium
services.exe,0,0,0,15098,unknown,medium
lsass.exe,0,0,0,15098,unknown,medium
winlogon.exe,0,0,0,15098,unknown,medium
fontdrvhost.exe,0,0,0,15098,unknown,medium
fontdrvhost.exe,0,0,0,15098,unknown,medium
svchost.exe,0,0,0,15098,unknown,medium
svchost.exe,0,0,0,15098,unknown,medium
msedgewebview2.exe,0,0,67,14988,low,medium
WUDFHost.exe,0,0,0,15098,unknown,medium
browser.exe,31,3,62,773,low,medium
svchost.exe,0,0,0,15099,unknown,medium
vpncmgr_x64.exe,0,0,9,15068,low,medium
browser.exe,0,3,100,2678,low,medium
browser.exe,0,0,27,15028,low,medium
svchost.exe,0,0,0,15099,unknown,medium
svchost.exe,0,0,88,15099,unknown,medium
svchost.exe,0,0,0,15099,unknown,medium
svchost.exe,0,0,0,15099,unknown,medium
audiodg.exe,15,0,0,12408,low,medium
dwm.exe,0,0,10,15099,unknown,medium
svchost.exe,0,0,0,15100,unknown,medium
msedgewebview2.exe,0,0,72,14990,low,medium
IntelCpHDCPSvc.exe,0,0,0,15100,unknown,medium
svchost.exe,0,0,0,15100,unknown,medium
svchost.exe,0,0,0,15100,unknown,medium
svchost.exe,0,0,0,15100,unknown,medium
msedgewebview2.exe,0,0,100,11280,low,medium
FileCoAuth.exe,0,0,0,13675,low,medium
svchost.exe,0,0,0,15100,unknown,medium
svchost.exe,0,0,0,15100,unknown,medium
svchost.exe,0,0,0,15101,unknown,medium
svchost.exe,0,0,10,15101,unknown,medium
IntelCpHeciSvc.exe,0,0,0,15101,unknown,medium
smartscreen.exe,0,0,0,224,low,medium
svchost.exe,0,0,0,15100,unknown,medium
svchost.exe,0,0,0,15101,unknown,medium
svchost.exe,0,0,0,15101,unknown,medium
svchost.exe,0,0,7,14975,low,medium
svchost.exe,0,0,0,15101,unknown,medium
conhost.exe,0,0,0,193,low,medium
svchost.exe,0,0,0,15102,unknown,medium
svchost.exe,0,0,41,15102,unknown,medium
svchost.exe,0,0,0,15102,unknown,medium
svchost.exe,0,0,0,15102,unknown,medium
svchost.exe,0,0,0,15102,unknown,medium
jusched.exe,0,0,0,15071,low,medium
igfxCUIService.exe,0,0,0,15102,unknown,medium
svchost.exe,0,0,0,15102,unknown,medium
SearchProtocolHost.exe,0,0,0,150,unknown,medium
svchost.exe,0,0,71,15102,unknown,medium
svchost.exe,0,0,0,15102,unknown,medium
MemCompression,0,2,0,15103,unknown,medium
RuntimeBroker.exe,0,0,0,13156,low,medium
svchost.exe,0,0,0,15103,unknown,medium
svchost.exe,0,0,0,15103,unknown,medium
svchost.exe,0,0,0,15103,unknown,medium
svchost.exe,0,0,0,15103,unknown,medium
svchost.exe,0,0,0,15103,unknown,medium
svchost.exe,0,0,0,12465,unknown,medium
svchost.exe,0,0,0,15103,unknown,medium
wlanext.exe,0,0,0,15103,unknown,medium
RuntimeBroker.exe,0,0,7,15088,low,medium
spoolsv.exe,0,0,0,15103,unknown,medium
conhost.exe,0,0,0,15103,unknown,medium
svchost.exe,0,0,0,15103,unknown,medium
ms-teams.exe,0,0,9,11272,low,medium
svchost.exe,0,0,0,15103,unknown,medium
svchost.exe,0,0,0,15103,unknown,medium
taskhostw.exe,0,0,0,15099,low,medium
msedgewebview2.exe,0,2,100,11284,low,medium
svchost.exe,0,0,1,15104,unknown,medium
OfficeClickToRun.exe,0,0,6,15104,unknown,medium
svchost.exe,0,0,0,15104,unknown,medium
svchost.exe,0,0,100,15104,unknown,medium
svchost.exe,0,0,100,15104,unknown,medium
svchost.exe,0,0,19,15099,low,medium
FoxitPDFReaderUpdateService.exe,0,0,100,15104,unknown,medium
SearchFilterHost.exe,0,0,0,153,unknown,medium
esif_uf.exe,0,0,0,15104,unknown,medium
svchost.exe,0,0,0,15104,unknown,medium
OneApp.IGCC.WinService.exe,0,0,0,15105,unknown,medium
svchost.exe,0,0,56,15105,unknown,medium
IntelAudioService.exe,0,0,0,15105,unknown,medium
jhi_service.exe,0,0,0,15105,unknown,medium
svchost.exe,0,0,0,15098,low,medium
taskhostw.exe,0,0,0,15100,low,medium
browser.exe,0,0,0,309,low,medium
MpDefenderCoreService.exe,0,0,4,15105,unknown,medium
svchost.exe,0,0,0,15105,unknown,medium
RtkAudUService64.exe,0,0,0,15105,unknown,medium
RstMwService.exe,0,0,0,15105,unknown,medium
svchost.exe,0,0,0,15105,unknown,medium
vpnclient_x64.exe,0,0,100,15106,unknown,medium
svchost.exe,0,0,0,15106,unknown,medium
dasHost.exe,0,0,0,15106,unknown,medium
svchost.exe,0,0,0,15106,unknown,medium
MsMpEng.exe,0,2,100,15106,unknown,medium
svchost.exe,0,0,0,15106,unknown,medium
svchost.exe,0,0,3,15106,unknown,medium
browser.exe,0,0,0,15023,low,medium
WMIRegistrationService.exe,0,0,0,15106,unknown,medium
Video.UI.exe,0,0,14,13163,low,medium
svchost.exe,0,0,0,15106,unknown,medium
RuntimeBroker.exe,0,0,6,6166,low,medium
browser.exe,0,2,100,15045,low,medium
browser.exe,0,0,0,15044,low,medium
browser.exe,0,0,2,15030,low,medium
svchost.exe,0,0,0,15106,unknown,medium
dptf_helper.exe,0,0,0,15106,low,medium
igfxEM.exe,0,0,0,15103,low,medium
browser.exe,354,8,100,15035,low,medium
browser.exe,0,0,2,14558,low,medium
dllhost.exe,0,0,1,15106,unknown,medium
SearchApp.exe,0,0,3,15001,low,medium
TextInputHost.exe,0,0,0,15091,low,medium
gamingservices.exe,0,0,12,15106,unknown,medium
gamingservicesnet.exe,0,0,0,15106,unknown,medium
SearchIndexer.exe,0,0,29,15106,unknown,medium
dllhost.exe,0,0,41,15101,low,medium
browser.exe,0,3,100,14569,low,medium
Code.exe,0,1,84,233,low,medium
browser.exe,0,0,1,780,low,medium
svchost.exe,0,0,0,15105,unknown,medium
svchost.exe,0,0,0,15105,unknown,medium
LockApp.exe,0,0,0,6168,low,medium
svchost.exe,0,0,100,15105,low,medium
sihost.exe,0,0,1,15105,low,medium
Code.exe,0,1,95,234,low,medium
svchost.exe,0,0,0,15106,unknown,medium
svchost.exe,0,0,0,15106,unknown,medium
svchost.exe,0,0,0,15106,unknown,medium
msedgewebview2.exe,0,0,88,11292,low,medium
msedgewebview2.exe,0,0,5,15002,low,medium
svchost.exe,0,0,2,6173,unknown,medium
svchost.exe,0,0,0,536,unknown,medium
svchost.exe,0,0,0,15106,unknown,medium
ctfmon.exe,0,0,0,15106,low,medium
svchost.exe,0,0,0,15016,unknown,medium
UniKeyNT.exe,0,0,0,14630,low,medium
svchost.exe,0,0,0,14986,unknown,medium
RtkAudUService64.exe,0,0,0,15103,unknown,medium
explorer.exe,0,1,82,15106,low,medium
Code.exe,0,1,3,209,low,medium
svchost.exe,0,0,0,15106,unknown,medium
AggregatorHost.exe,0,0,100,15106,unknown,medium
rundll32.exe,0,0,0,15014,low,medium
browser.exe,0,0,2,15036,low,medium
browser.exe,0,1,28,7542,low,medium
StartMenuExperienceHost.exe,0,0,0,15103,low,medium
RuntimeBroker.exe,0,0,0,15103,low,medium
svchost.exe,0,0,0,15103,unknown,medium
browser.exe,0,1,100,14642,low,medium
SearchApp.exe,0,0,84,15103,low,medium
RuntimeBroker.exe,0,0,5,15103,low,medium
msedge.exe,0,0,4,15086,low,medium
svchost.exe,0,0,0,15099,unknown,medium
NisSrv.exe,0,0,0,15097,unknown,medium
msedge.exe,0,0,10,15087,low,medium
ms-teams.exe,0,0,49,11915,low,medium
svchost.exe,0,0,0,15102,unknown,medium
conhost.exe,0,0,0,211,low,medium
browser.exe,0,0,2,14415,low,medium
msedge.exe,0,0,0,15087,low,medium
msedgewebview2.exe,0,0,0,15005,low,medium
browser.exe,0,0,5,14562,low,medium
browser.exe,0,0,100,15050,low,medium
browser.exe,0,0,100,15048,low,medium
CocCocCrashHandler.exe,0,0,0,15101,unknown,medium
CocCocCrashHandler64.exe,0,0,0,15101,unknown,medium
msedgewebview2.exe,0,0,72,11296,low,medium
SecurityHealthSystray.exe,0,0,0,15092,low,medium
SecurityHealthService.exe,0,0,0,15092,unknown,medium
RtkAudUService64.exe,0,0,0,15092,low,medium
vpnclient_x64.exe,0,0,10,15091,low,medium
OneDrive.exe,0,0,48,15091,low,medium
OneDrive.exe,0,0,12,15090,low,medium
svchost.exe,0,0,0,15090,unknown,medium
msedge.exe,0,0,65,15090,low,medium
Microsoft.SharePoint.exe,0,0,3,14808,low,medium
svchost.exe,0,0,0,15089,unknown,medium
msedge.exe,0,0,0,15089,low,medium
browser.exe,0,0,26,15051,low,medium
SnippingTool.exe,0,0,0,36,low,medium
conhost.exe,0,0,0,212,low,medium
Code.exe,0,1,42,218,low,medium
msedgewebview2.exe,0,0,11,15008,low,medium
msedge.exe,0,0,5,15089,low,medium
msedgewebview2.exe,0,0,37,15008,low,medium
browser.exe,0,0,22,14577,low,medium
msedge.exe,0,0,0,15089,low,medium
browser.exe,15,2,100,15053,low,medium
ShellExperienceHost.exe,0,0,0,15088,low,medium
CompPkgSrv.exe,0,0,0,15040,low,medium
RuntimeBroker.exe,0,0,0,15088,low,medium
browser.exe,0,0,100,15053,low,medium
svchost.exe,0,0,0,14509,unknown,medium
powershell.exe,0,0,0,213,low,medium
dllhost.exe,0,0,12,14528,low,medium
Code.exe,0,3,100,212,low,medium
browser.exe,0,1,48,8210,low,medium
UserOOBEBroker.exe,0,0,0,4405,low,medium
Code.exe,0,0,40,240,low,medium
RuntimeBroker.exe,0,0,0,11919,low,medium
browser.exe,0,0,7,4893,low,medium
msedgewebview2.exe,0,0,18,11299,low,medium
msedgewebview2.exe,0,0,0,11300,low,medium
svchost.exe,0,0,2,511,unknown,medium
powershell.exe,0,0,0,211,low,medium
Code.exe,0,0,0,243,low,medium
Code.exe,0,0,1,221,low,medium
msedgewebview2.exe,0,0,0,11285,low,medium
browser.exe,0,1,23,322,low,medium
dllhost.exe,0,0,0,2498,low,medium
browser.exe,0,0,0,789,low,medium
python.exe,0,0,0,24,low,medium
Code.exe,0,0,0,243,low,medium
svchost.exe,0,0,0,4647,unknown,medium
Code.exe,0,0,0,218,low,medium
